[
  {
    "title": "CrowdGraph: Weakly Supervised Crowd Counting via Pure Graph Neural Network",
    "authors": [
      "X. Liu",
      "et al."
    ],
    "venue": "ACM TOMM",
    "year": 2024,
    "doi": "10.1145/3638774",
    "keywords": [
      "GNN",
      "Weak Supervision",
      "Crowd Counting"
    ],
    "tags": [
      "graph",
      "weak"
    ]
  },
  {
    "title": "A Weakly Supervised Crowd Counting Method via Combining CNN and Transformer",
    "authors": [
      "Y. Zhang",
      "et al."
    ],
    "venue": "Electronics",
    "year": 2024,
    "doi": "10.3390/electronics13245053",
    "keywords": [
      "CNN",
      "Transformer",
      "Weak Supervision"
    ],
    "tags": [
      "hybrid",
      "transformer"
    ]
  },
  {
    "title": "Towards Using Count-level Weak Supervision for Crowd Counting",
    "authors": [
      "Z. Li",
      "et al."
    ],
    "venue": "Pattern Recognition",
    "year": 2020,
    "doi": "10.1016/j.patcog.2020.107616",
    "keywords": [
      "Count-level",
      "Weak Supervision",
      "Density Map"
    ],
    "tags": [
      "weak",
      "count"
    ]
  },
  {
    "title": "W-Net: Reinforced U-Net for Weakly Supervised Density Map Estimation",
    "authors": [
      "L. Wang",
      "et al."
    ],
    "venue": "Pattern Recognition",
    "year": 2021,
    "doi": "10.1016/j.patcog.2021.108403",
    "keywords": [
      "U-Net",
      "CNN",
      "Weak Supervision"
    ],
    "tags": [
      "cnn",
      "weak"
    ]
  },
  {
    "title": "Weakly Supervised Crowd Counting via Density Map Estimation with Point Supervision",
    "authors": [
      "Q. Zhang",
      "et al."
    ],
    "venue": "Neurocomputing",
    "year": 2022,
    "doi": "10.1016/j.neucom.2022.10.012",
    "keywords": [
      "Point-supervision",
      "Weak Supervision"
    ],
    "tags": [
      "point",
      "cnn"
    ]
  },
  {
    "title": "Crowd Counting with Density-Adaptive Gaussian Kernel",
    "authors": [
      "F. Liu",
      "et al."
    ],
    "venue": "Neurocomputing",
    "year": 2020,
    "doi": "10.1016/j.neucom.2020.02.037",
    "keywords": [
      "Gaussian Kernel",
      "CNN"
    ],
    "tags": [
      "cnn"
    ]
  },
  {
    "title": "A Comprehensive Survey of Crowd Density Estimation and Counting",
    "authors": [
      "M. Wang",
      "Y. Chen"
    ],
    "venue": "IET Image Processing",
    "year": 2025,
    "doi": "10.1049/ipr2.13328",
    "keywords": [
      "Survey",
      "Crowd Counting",
      "Review"
    ],
    "tags": [
      "survey"
    ]
  },
  {
    "title": "A Novel Cascaded Deep Architecture with Weak-Supervision for Video Crowd Counting and Density Estimation",
    "authors": [
      "S. Tripathy",
      "et al."
    ],
    "venue": "Soft Computing",
    "year": 2024,
    "doi": "10.1007/s00500-024-09681-4",
    "keywords": [
      "Video",
      "Cascade",
      "Weak Supervision"
    ],
    "tags": [
      "video",
      "weak"
    ]
  },
  {
    "title": "FitBeat: COVID-19 Estimation Based on Wristband Heart Rate Using CAE",
    "authors": [
      "T. Wang",
      "et al."
    ],
    "venue": "Pattern Recognition",
    "year": 2021,
    "doi": "10.1016/j.patcog.2021.108403",
    "keywords": [
      "Not directly relevant"
    ],
    "tags": [
      "misc"
    ]
  },
  {
    "title": "Unsupervised Domain-Adaptive Scene-Specific Pedestrian Detection",
    "authors": [
      "Q. Mou",
      "et al."
    ],
    "venue": "Pattern Recognition",
    "year": 2021,
    "doi": "10.1016/j.patcog.2021.108038",
    "keywords": [
      "Domain Adaptation",
      "Unsupervised",
      "Pedestrian"
    ],
    "tags": [
      "unsupervised",
      "adaptation"
    ]
  }
]